{
 "tau": 0.0330457395502917,
 "row": 0.04045442833065826,
 "hits@1": 0.6,
 "hits@5": 0.13000000000000006,
 "hits@10": 0.06600000000000003,
 "hits@20": 0.033000000000000015,
 "hits@50": 0.013337420718816074,
 "hits@100": 0.006668710359408037,
 "map@1": 0.6,
 "map@5": 0.13000000000000006,
 "map@10": 0.06600000000000003,
 "map@20": 0.033000000000000015,
 "map@50": 0.013337420718816074,
 "map@100": 0.006668710359408037,
 "MRR": 0.12591959494230137,
 "ACC1": 0.0782312925170068,
 "ACC5": 0.15873015873015872,
 "ACC10": 0.25623582766439906,
 "ACC50": 0.471655328798186,
 "ACC100": 0.6088435374149661,
 "batch_size": 16,
 "test_batch_size": 16,
 "embedding_size": 16,
 "hidden_size": 32,
 "num_epochs": 10,
 "freq": 5
}