{
 "tau": 0.028707133893543475,
 "row": 0.03514313036619369,
 "hits@1": 1.0,
 "hits@5": 0.20000000000000012,
 "hits@10": 0.10000000000000006,
 "hits@20": 0.05000000000000003,
 "hits@50": 0.020000000000000007,
 "hits@100": 0.010000000000000004,
 "map@1": 1.0,
 "map@5": 0.20000000000000012,
 "map@10": 0.10000000000000006,
 "map@20": 0.05000000000000003,
 "map@50": 0.020000000000000007,
 "map@100": 0.010000000000000004,
 "MRR": 0.09760455890017626,
 "ACC1": 0.04421768707482993,
 "ACC5": 0.12358276643990929,
 "ACC10": 0.1984126984126984,
 "ACC50": 0.4478458049886622,
 "ACC100": 0.6043083900226758,
 "batch_size": 16,
 "test_batch_size": 16,
 "embedding_size": 16,
 "hidden_size": 32,
 "num_epochs": 5,
 "freq": 2
}